2/18/20 13:43,23,14.5,2.66
2/18/20 13:43,23,14.5,2.66
2/18/20 13:43,23,14.5,2.66
2/18/20 13:43,23,14.5,2.66
2/18/20 13:43,23,14.5,2.66
2/18/20 13:51,22,14.5,2.66
2/18/20 13:51,22,14.5,2.66
2/18/20 13:51,22,14.5,2.66
2/18/20 13:51,22,14.5,2.66
2/18/20 13:51,22,14.5,2.66
2/18/20 13:51,22,14.5,2.66
2/18/20 13:51,22,14.5,2.66
2/18/20 13:51,22,14.5,2.66
2/18/20 13:51,22,14.5,2.66
2/18/20 13:51,22,14.5,2.66
2/18/20 13:51,22,14.5,2.66
2/18/20 13:59,23,14.5,2.66
2/18/20 13:59,23,14.5,2.66
2/18/20 13:59,23,14.5,2.66
2/18/20 13:59,23,14.5,2.66
2/18/20 13:59,23,14.5,2.66
2/18/20 13:59,23,14.5,2.66
2/18/20 13:59,23,14.5,2.66
2/18/20 13:59,23,14.5,2.66
2/18/20 13:59,23,14.5,2.66
2/18/20 13:59,23,14.5,2.66
2/18/20 13:59,23,14.5,2.66
2/18/20 13:59,23,14.5,2.66
2/18/20 14:14,22,14.5,2.65
2/18/20 14:14,22,14.5,2.65
2/18/20 14:14,22,14.5,2.65
2/18/20 14:14,22,14.5,2.65
2/18/20 14:14,22,14.5,2.65
2/18/20 14:14,22,14.5,2.65
2/18/20 14:14,22,14.5,2.65
2/18/20 14:14,22,14.5,2.65
2/18/20 14:14,22,14.5,2.65
2/18/20 14:14,22,14.5,2.65
2/18/20 14:14,22,14.5,2.65
2/18/20 14:14,22,14.5,2.65
2/18/20 14:29,22,14.5,2.65
2/18/20 14:29,22,14.5,2.65
2/18/20 14:29,22,14.5,2.65
2/18/20 14:29,22,14.5,2.65
2/18/20 14:29,22,14.5,2.65
2/18/20 14:29,22,14.5,2.65
2/18/20 14:29,22,14.5,2.65
2/18/20 14:29,22,14.5,2.65
2/18/20 14:45,22,14.5,2.65
2/18/20 14:45,22,14.5,2.65
2/18/20 14:45,22,14.5,2.65
2/18/20 14:45,22,14.5,2.65
2/18/20 14:45,22,14.5,2.65
2/18/20 14:45,22,14.5,2.65
2/18/20 14:45,22,14.5,2.65
2/18/20 14:45,22,14.5,2.65
2/18/20 14:45,22,14.5,2.65
2/18/20 14:45,22,14.5,2.65
2/18/20 15:00,22,14.5,2.65
2/18/20 15:00,22,14.5,2.65
2/18/20 15:00,22,14.5,2.65
2/18/20 15:00,22,14.5,2.65
2/18/20 15:00,22,14.5,2.65
2/18/20 15:00,22,14.5,2.65
2/18/20 15:00,22,14.5,2.65
2/18/20 15:00,22,14.5,2.65
2/18/20 15:00,22,14.5,2.65
2/18/20 15:00,22,14.5,2.65
2/18/20 15:16,22,14.5,2.65
2/18/20 15:16,22,14.5,2.65
2/18/20 15:16,22,14.5,2.65
2/18/20 15:16,22,14.5,2.65
2/18/20 15:16,22,14.5,2.65
2/18/20 15:16,22,14.5,2.65
2/18/20 15:31,22,14.5,2.65
2/18/20 15:31,22,14.5,2.65
2/18/20 15:31,22,14.5,2.65
2/18/20 15:31,22,14.5,2.65
2/18/20 15:31,22,14.5,2.65
2/18/20 15:31,22,14.5,2.65
2/18/20 15:31,22,14.5,2.65
2/18/20 15:31,22,14.5,2.65
2/18/20 15:31,22,14.5,2.65
2/18/20 15:31,22,14.5,2.65
2/18/20 15:46,21,14.5,2.65
2/18/20 15:46,21,14.5,2.65
2/18/20 15:46,21,14.5,2.65
2/18/20 15:46,21,14.5,2.65
2/18/20 15:46,21,14.5,2.65
2/18/20 15:46,21,14.5,2.65
2/18/20 15:46,21,14.5,2.65
2/18/20 15:46,21,14.5,2.65
2/18/20 16:02,22,14.5,2.65
2/18/20 16:02,22,14.5,2.65
2/18/20 16:02,22,14.5,2.65
2/18/20 16:02,22,14.5,2.65
2/18/20 16:02,22,14.5,2.65
2/18/20 16:02,22,14.5,2.65
2/18/20 16:02,22,14.5,2.65
2/18/20 16:02,22,14.5,2.65
2/18/20 16:02,22,14.5,2.65
2/18/20 16:02,22,14.5,2.65
2/18/20 16:17,21,14.5,2.65
2/18/20 16:17,21,14.5,2.65
2/18/20 16:17,21,14.5,2.65
2/18/20 16:17,21,14.5,2.65
2/18/20 16:17,21,14.5,2.65
2/18/20 16:32,21,14.5,2.64
2/18/20 16:32,21,14.5,2.64
2/18/20 16:32,21,14.5,2.64
2/18/20 16:32,21,14.5,2.64
2/18/20 16:32,21,14.5,2.64
2/18/20 16:32,21,14.5,2.64
2/18/20 16:32,21,14.5,2.64
2/18/20 16:32,21,14.5,2.64
2/18/20 16:32,21,14.5,2.64
2/18/20 16:32,21,14.5,2.64
2/18/20 16:48,21,14.5,2.64
2/18/20 16:48,21,14.5,2.64
2/18/20 16:48,21,14.5,2.64
2/18/20 16:48,21,14.5,2.64
2/18/20 16:48,21,14.5,2.64
2/18/20 16:48,21,14.5,2.64
2/18/20 16:48,21,14.5,2.64
2/18/20 16:48,21,14.5,2.64
2/18/20 16:48,21,14.5,2.64
2/18/20 16:48,21,14.5,2.64
2/18/20 17:03,21,14.5,2.64
2/18/20 17:03,21,14.5,2.64
2/18/20 17:03,21,14.5,2.64
2/18/20 17:03,21,14.5,2.64
2/18/20 17:03,21,14.5,2.64
2/18/20 17:03,21,14.5,2.64
2/18/20 17:03,21,14.5,2.64
2/18/20 17:03,21,14.5,2.64
2/18/20 17:19,21,14.5,2.64
2/18/20 17:19,21,14.5,2.64
2/18/20 17:19,21,14.5,2.64
2/18/20 17:19,21,14.5,2.64
2/18/20 17:19,21,14.5,2.64
2/18/20 17:19,21,14.5,2.64
2/18/20 17:19,21,14.5,2.64
2/18/20 17:34,21,14.5,2.64
2/18/20 17:34,21,14.5,2.64
2/18/20 17:34,21,14.5,2.64
2/18/20 17:34,21,14.5,2.64
2/18/20 17:34,21,14.5,2.64
2/18/20 17:34,21,14.5,2.64
2/18/20 17:34,21,14.5,2.64
2/18/20 17:34,21,14.5,2.64
2/18/20 17:34,21,14.5,2.64
2/18/20 17:34,21,14.5,2.64
2/18/20 17:34,21,14.5,2.64
2/18/20 17:49,21,14.5,2.64
2/18/20 17:49,21,14.5,2.64
2/18/20 17:49,21,14.5,2.64
2/18/20 17:49,21,14.5,2.64
2/18/20 17:49,21,14.5,2.64
2/18/20 17:49,21,14.5,2.64
2/18/20 17:49,21,14.5,2.64
2/18/20 17:49,21,14.5,2.64
2/18/20 17:49,21,14.5,2.64
2/18/20 17:49,21,14.5,2.64
2/18/20 18:05,21,14.5,2.64
2/18/20 18:05,21,14.5,2.64
2/18/20 18:05,21,14.5,2.64
2/18/20 18:05,21,14.5,2.64
2/18/20 18:05,21,14.5,2.64
2/18/20 18:05,21,14.5,2.64
2/18/20 18:05,21,14.5,2.64
2/18/20 18:20,21,14.5,2.64
2/18/20 18:20,21,14.5,2.64
2/18/20 18:20,21,14.5,2.64
2/18/20 18:20,21,14.5,2.64
2/18/20 18:20,21,14.5,2.64
2/18/20 18:20,21,14.5,2.64
2/18/20 18:20,21,14.5,2.64
2/18/20 18:20,21,14.5,2.64
2/18/20 18:20,21,14.5,2.64
2/18/20 18:20,21,14.5,2.64
2/18/20 18:20,21,14.5,2.64
2/18/20 18:20,21,14.5,2.64
2/18/20 18:36,21,14.5,2.64
2/18/20 18:36,21,14.5,2.64
2/18/20 18:36,21,14.5,2.64
2/18/20 18:36,21,14.5,2.64
2/18/20 18:36,21,14.5,2.64
2/18/20 18:36,21,14.5,2.64
2/18/20 18:36,21,14.5,2.64
2/18/20 18:51,21,14.5,2.64
2/18/20 18:51,21,14.5,2.64
2/18/20 18:51,21,14.5,2.64
2/18/20 18:51,21,14.5,2.64
2/18/20 18:51,21,14.5,2.64
2/18/20 18:51,21,14.5,2.64
2/18/20 18:51,21,14.5,2.64
2/18/20 18:51,21,14.5,2.64
2/18/20 18:51,21,14.5,2.64
2/18/20 19:06,21,14.5,2.64
2/18/20 19:06,21,14.5,2.64
2/18/20 19:06,21,14.5,2.64
2/18/20 19:06,21,14.5,2.64
2/18/20 19:06,21,14.5,2.64
2/18/20 19:16,21,14.5,2.64
2/18/20 19:16,21,14.5,2.64
2/18/20 19:17,21,14.5,2.64
2/18/20 19:17,21,14.5,2.64
2/18/20 19:17,21,14.5,2.64
2/18/20 19:17,21,14.5,2.64
2/18/20 19:18,21,14.5,2.64
2/18/20 19:18,21,14.5,2.64
2/18/20 19:18,21,14.5,2.64
2/18/20 19:18,21,14.5,2.64
2/18/20 19:19,21,14.5,2.64
2/18/20 19:19,21,14.5,2.64
2/18/20 19:19,21,14.5,2.64
2/18/20 19:19,21,14.5,2.64
2/18/20 19:19,21,14.5,2.64
2/18/20 19:20,21,14.5,2.64
2/18/20 19:20,21,14.5,2.64
2/18/20 19:20,21,14.5,2.64
2/18/20 19:20,21,14.5,2.64
2/18/20 19:20,21,14.5,2.64
2/18/20 19:21,21,14.5,2.64
2/18/20 19:21,21,14.5,2.64
2/18/20 19:21,21,14.5,2.64
2/18/20 19:21,21,14.5,2.64
2/18/20 19:22,21,14.5,2.64
2/18/20 19:22,21,14.5,2.64
2/18/20 19:22,21,14.5,2.64
2/18/20 19:22,21,14.5,2.64
2/18/20 19:22,21,14.5,2.64
2/18/20 19:22,21,14.5,2.64
2/18/20 19:22,21,14.5,2.64
2/18/20 19:22,21,14.5,2.64
2/18/20 19:22,21,14.5,2.64
2/18/20 19:22,21,14.5,2.64
2/18/20 19:37,21,14.5,2.64
2/18/20 19:37,21,14.5,2.64
2/18/20 19:37,21,14.5,2.64
2/18/20 19:37,21,14.5,2.64
2/18/20 19:37,21,14.5,2.64
2/18/20 19:37,21,14.5,2.64
2/18/20 19:37,21,14.5,2.64
2/18/20 19:37,21,14.5,2.64
2/18/20 19:53,21,14.5,2.64
2/18/20 19:53,21,14.5,2.64
2/18/20 19:53,21,14.5,2.64
2/18/20 19:53,21,14.5,2.64
2/18/20 19:53,21,14.5,2.64
2/18/20 19:53,21,14.5,2.64
2/18/20 19:53,21,14.5,2.64
2/18/20 19:53,21,14.5,2.64
2/18/20 19:53,21,14.5,2.64
2/18/20 19:53,21,14.5,2.64
2/18/20 19:53,21,14.5,2.64
2/18/20 20:08,21,14.5,2.64
2/18/20 20:08,21,14.5,2.64
2/18/20 20:08,21,14.5,2.64
2/18/20 20:08,21,14.5,2.64
2/18/20 20:08,21,14.5,2.64
2/18/20 20:23,21,14.5,2.64
2/18/20 20:23,21,14.5,2.64
2/18/20 20:23,21,14.5,2.64
2/18/20 20:23,21,14.5,2.64
2/18/20 20:23,21,14.5,2.64
2/18/20 20:23,21,14.5,2.64
2/18/20 20:23,21,14.5,2.64
2/18/20 20:23,21,14.5,2.64
2/18/20 20:39,21,14.5,2.64
2/18/20 20:39,21,14.5,2.64
2/18/20 20:39,21,14.5,2.64
2/18/20 20:39,21,14.5,2.64
2/18/20 20:39,21,14.5,2.64
2/18/20 20:39,21,14.5,2.64
2/18/20 20:39,21,14.5,2.64
2/18/20 20:39,21,14.5,2.64
2/18/20 20:39,21,14.5,2.64
2/18/20 20:39,21,14.5,2.64
2/18/20 20:54,21,14.5,2.64
2/18/20 20:54,21,14.5,2.64
2/18/20 20:54,21,14.5,2.64
2/18/20 20:54,21,14.5,2.64
2/18/20 20:54,21,14.5,2.64
2/18/20 20:54,21,14.5,2.64
2/18/20 20:54,21,14.5,2.64
2/18/20 20:54,21,14.5,2.64
2/18/20 20:54,21,14.5,2.64
2/18/20 20:54,21,14.5,2.64
2/18/20 20:54,21,14.5,2.64
2/18/20 20:54,21,14.5,2.64
2/18/20 21:09,21,14.5,2.64
2/18/20 21:09,21,14.5,2.64
2/18/20 21:09,21,14.5,2.64
2/18/20 21:10,21,14.5,2.64
2/18/20 21:10,21,14.5,2.64
2/18/20 21:10,21,14.5,2.64
2/18/20 21:10,21,14.5,2.64
2/18/20 21:10,21,14.5,2.64
2/18/20 21:10,21,14.5,2.64
2/18/20 21:10,21,14.5,2.64
2/18/20 21:10,21,14.5,2.64
2/18/20 21:25,21,14.5,2.64
2/18/20 21:25,21,14.5,2.64
2/18/20 21:25,21,14.5,2.64
2/18/20 21:25,21,14.5,2.64
2/18/20 21:25,21,14.5,2.64
2/18/20 21:25,21,14.5,2.64
2/18/20 21:25,21,14.5,2.64
2/18/20 21:25,21,14.5,2.64
2/18/20 21:25,21,14.5,2.64
2/18/20 21:40,21,14.5,2.64
2/18/20 21:40,21,14.5,2.64
2/18/20 21:40,21,14.5,2.64
2/18/20 21:40,21,14.5,2.64
2/18/20 21:40,21,14.5,2.64
2/18/20 21:40,21,14.5,2.64
2/18/20 21:40,21,14.5,2.64
2/18/20 21:40,21,14.5,2.64
2/18/20 21:40,21,14.5,2.64
2/18/20 21:56,21,14.5,2.64
2/18/20 21:56,21,14.5,2.64
2/18/20 21:56,21,14.5,2.64
2/18/20 21:56,21,14.5,2.64
2/18/20 21:56,21,14.5,2.64
2/18/20 21:56,21,14.5,2.64
2/18/20 21:56,21,14.5,2.64
2/18/20 21:56,21,14.5,2.64
2/18/20 21:56,21,14.5,2.64
2/18/20 21:56,21,14.5,2.64
2/18/20 21:56,21,14.5,2.64
2/18/20 22:11,21,14.5,2.64
2/18/20 22:11,21,14.5,2.64
2/18/20 22:11,21,14.5,2.64
2/18/20 22:11,21,14.5,2.64
2/18/20 22:11,21,14.5,2.64
2/18/20 22:11,21,14.5,2.64
2/18/20 22:11,21,14.5,2.64
2/18/20 22:11,21,14.5,2.64
2/18/20 22:11,21,14.5,2.64
2/18/20 22:11,21,14.5,2.64
2/18/20 22:26,21,14.5,2.64
2/18/20 22:26,21,14.5,2.64
2/18/20 22:26,21,14.5,2.64
2/18/20 22:26,21,14.5,2.64
2/18/20 22:26,21,14.5,2.64
2/18/20 22:26,21,14.5,2.64
2/18/20 22:26,21,14.5,2.64
2/18/20 22:26,21,14.5,2.64
2/18/20 22:26,21,14.5,2.64
2/18/20 22:26,21,14.5,2.64
2/18/20 22:42,21,14.5,2.64
2/18/20 22:42,21,14.5,2.64
2/18/20 22:42,21,14.5,2.64
2/18/20 22:42,21,14.5,2.64
2/18/20 22:42,21,14.5,2.64
2/18/20 22:42,21,14.5,2.64
2/18/20 22:42,21,14.5,2.64
2/18/20 22:42,21,14.5,2.64
2/18/20 22:42,21,14.5,2.64
2/18/20 22:57,21,14.5,2.64
2/18/20 22:57,21,14.5,2.64
2/18/20 22:57,21,14.5,2.64
2/18/20 22:57,21,14.5,2.64
2/18/20 22:57,21,14.5,2.64
2/18/20 22:57,21,14.5,2.64
2/18/20 22:57,21,14.5,2.64
2/18/20 22:57,21,14.5,2.64
2/18/20 22:57,21,14.5,2.64
2/18/20 22:57,21,14.5,2.64
2/18/20 23:13,21,14.5,2.64
2/18/20 23:13,21,14.5,2.64
2/18/20 23:13,21,14.5,2.64
2/18/20 23:13,21,14.5,2.64
2/18/20 23:13,21,14.5,2.64
2/18/20 23:13,21,14.5,2.64
2/18/20 23:13,21,14.5,2.64
2/18/20 23:13,21,14.5,2.64
2/18/20 23:13,21,14.5,2.64
2/18/20 23:13,21,14.5,2.64
2/18/20 23:13,21,14.5,2.64
2/18/20 23:13,21,14.5,2.64
2/18/20 23:26,20,14.5,2.64
2/18/20 23:26,20,14.5,2.64
2/18/20 23:26,20,14.5,2.64
2/18/20 23:26,20,14.5,2.64
2/18/20 23:26,20,14.5,2.64
2/18/20 23:26,20,14.5,2.64
2/18/20 23:26,20,14.5,2.64
2/18/20 23:26,20,14.5,2.64
2/18/20 23:26,20,14.5,2.64
2/18/20 23:26,20,14.5,2.64
2/18/20 23:26,20,14.5,2.64
2/18/20 23:26,20,14.5,2.64
2/18/20 23:28,21,14.5,2.64
2/18/20 23:28,21,14.5,2.64
2/18/20 23:28,21,14.5,2.64
2/18/20 23:28,21,14.5,2.64
2/18/20 23:28,21,14.5,2.64
2/18/20 23:28,21,14.5,2.64
2/18/20 23:43,21,14.5,2.64
2/18/20 23:43,21,14.5,2.64
2/18/20 23:43,21,14.5,2.64
2/18/20 23:43,21,14.5,2.64
2/18/20 23:43,21,14.5,2.64
2/18/20 23:43,21,14.5,2.64
2/18/20 23:43,21,14.5,2.64
2/18/20 23:43,21,14.5,2.64
2/18/20 23:43,21,14.5,2.64
2/18/20 23:43,21,14.5,2.64
2/18/20 23:59,21,14.5,2.64
2/18/20 23:59,21,14.5,2.64
2/18/20 23:59,21,14.5,2.64
2/18/20 23:59,21,14.5,2.64
2/18/20 23:59,21,14.5,2.64
2/18/20 23:59,21,14.5,2.64
2/18/20 23:59,21,14.5,2.64
2/18/20 23:59,21,14.5,2.64
2/18/20 23:59,21,14.5,2.64
2/19/20 0:14,21,14.5,2.64
2/19/20 0:14,21,14.5,2.64
2/19/20 0:14,21,14.5,2.64
2/19/20 0:14,21,14.5,2.64
2/19/20 0:14,21,14.5,2.64
2/19/20 0:14,21,14.5,2.64
2/19/20 0:14,21,14.5,2.64
2/19/20 0:14,21,14.5,2.64
2/19/20 0:14,21,14.5,2.64
2/19/20 0:14,21,14.5,2.64
2/19/20 0:30,21,14.5,2.64
2/19/20 0:30,21,14.5,2.64
2/19/20 0:30,21,14.5,2.64
2/19/20 0:30,21,14.5,2.64
2/19/20 0:30,21,14.5,2.64
2/19/20 0:30,21,14.5,2.64
2/19/20 0:30,21,14.5,2.64
2/19/20 0:30,21,14.5,2.64
2/19/20 0:30,21,14.5,2.64
2/19/20 0:30,21,14.5,2.64
2/19/20 0:30,21,14.5,2.64
2/19/20 0:34,22,14.5,2.64
2/19/20 0:34,22,14.5,2.64
2/19/20 0:34,22,14.5,2.64
2/19/20 0:34,22,14.5,2.64
2/19/20 0:34,22,14.5,2.64
2/19/20 0:34,22,14.5,2.64
2/19/20 0:34,22,14.5,2.64
2/19/20 0:34,22,14.5,2.64
2/19/20 0:34,22,14.5,2.64
2/19/20 0:34,22,14.5,2.64
2/19/20 0:34,22,14.5,2.64
2/19/20 0:45,22,14.5,2.64
2/19/20 0:45,22,14.5,2.64
2/19/20 0:45,22,14.5,2.64
2/19/20 0:45,22,14.5,2.64
2/19/20 0:45,22,14.5,2.64
2/19/20 0:45,22,14.5,2.64
2/19/20 0:45,22,14.5,2.64
2/19/20 0:45,22,14.5,2.64
2/19/20 1:00,22,14.5,2.64
2/19/20 1:00,22,14.5,2.64
2/19/20 1:00,22,14.5,2.64
2/19/20 1:00,22,14.5,2.64
2/19/20 1:00,22,14.5,2.64
2/19/20 1:00,22,14.5,2.64
2/19/20 1:00,22,14.5,2.64
2/19/20 1:00,22,14.5,2.64
2/19/20 1:16,22,14.5,2.65
2/19/20 1:16,22,14.5,2.65
2/19/20 1:16,22,14.5,2.65
2/19/20 1:16,22,14.5,2.65
2/19/20 1:16,22,14.5,2.65
2/19/20 1:16,22,14.5,2.65
2/19/20 1:16,22,14.5,2.65
2/19/20 1:16,22,14.5,2.65
2/19/20 1:16,22,14.5,2.65
2/19/20 1:16,22,14.5,2.65
2/19/20 1:16,22,14.5,2.65
2/19/20 1:16,22,14.5,2.65
2/19/20 1:16,22,14.5,2.65
2/19/20 1:31,22,14.5,2.65
2/19/20 1:31,22,14.5,2.65
2/19/20 1:31,22,14.5,2.65
2/19/20 1:31,22,14.5,2.65
2/19/20 1:31,22,14.5,2.65
2/19/20 1:31,22,14.5,2.65
2/19/20 1:31,22,14.5,2.65
2/19/20 1:31,22,14.5,2.65
2/19/20 1:46,22,14.5,2.65
2/19/20 1:46,22,14.5,2.65
2/19/20 1:46,22,14.5,2.65
2/19/20 1:46,22,14.5,2.65
2/19/20 1:46,22,14.5,2.65
2/19/20 1:47,22,14.5,2.65
2/19/20 1:47,22,14.5,2.65
2/19/20 2:02,22,14.5,2.65
2/19/20 2:02,22,14.5,2.65
2/19/20 2:02,22,14.5,2.65
2/19/20 2:02,22,14.5,2.65
2/19/20 2:02,22,14.5,2.65
2/19/20 2:02,22,14.5,2.65
2/19/20 2:02,22,14.5,2.65
2/19/20 2:02,22,14.5,2.65
2/19/20 2:02,22,14.5,2.65
2/19/20 2:02,22,14.5,2.65
2/19/20 2:17,23,14.5,2.65
2/19/20 2:17,23,14.5,2.65
2/19/20 2:17,23,14.5,2.65
2/19/20 2:17,23,14.5,2.65
2/19/20 2:17,23,14.5,2.65
2/19/20 2:17,23,14.5,2.65
2/19/20 2:17,23,14.5,2.65
2/19/20 2:17,23,14.5,2.65
2/19/20 2:17,23,14.5,2.65
2/19/20 2:17,23,14.5,2.65
2/19/20 2:27,23,14.5,2.65
2/19/20 2:27,23,14.5,2.65
2/19/20 2:33,23,14.5,2.65
2/19/20 2:33,23,14.5,2.65
2/19/20 2:33,23,14.5,2.65
2/19/20 2:33,23,14.5,2.65
2/19/20 2:33,23,14.5,2.65
2/19/20 2:33,23,14.5,2.65
2/19/20 2:33,23,14.5,2.65
2/19/20 2:33,23,14.5,2.65
2/19/20 2:33,23,14.5,2.65
2/19/20 2:33,23,14.5,2.65
2/19/20 2:33,23,14.5,2.65
2/19/20 2:48,23,14.5,2.65
2/19/20 2:48,23,14.5,2.65
2/19/20 2:48,23,14.5,2.65
2/19/20 2:48,23,14.5,2.65
2/19/20 2:48,23,14.5,2.65
2/19/20 2:48,23,14.5,2.65
2/19/20 2:48,23,14.5,2.65
2/19/20 2:48,23,14.5,2.65
2/19/20 2:48,23,14.5,2.65
2/19/20 3:03,23,14.5,2.66
2/19/20 3:03,23,14.5,2.66
2/19/20 3:03,23,14.5,2.66
2/19/20 3:03,23,14.5,2.66
2/19/20 3:03,23,14.5,2.66
2/19/20 3:03,23,14.5,2.66
2/19/20 3:03,23,14.5,2.66
2/19/20 3:03,23,14.5,2.66
2/19/20 3:03,23,14.5,2.66
2/19/20 3:03,23,14.5,2.66
2/19/20 3:03,23,14.5,2.66
2/19/20 3:19,23,14.5,2.66
2/19/20 3:19,23,14.5,2.66
2/19/20 3:19,23,14.5,2.66
2/19/20 3:19,23,14.5,2.66
2/19/20 3:19,23,14.5,2.66
2/19/20 3:19,23,14.5,2.66
2/19/20 3:19,23,14.5,2.66
2/19/20 3:19,23,14.5,2.66
2/19/20 3:34,23,14.5,2.66
2/19/20 3:34,23,14.5,2.66
2/19/20 3:34,23,14.5,2.66
2/19/20 3:34,23,14.5,2.66
2/19/20 3:34,23,14.5,2.66
2/19/20 3:34,23,14.5,2.66
2/19/20 3:34,23,14.5,2.66
2/19/20 3:34,23,14.5,2.66
2/19/20 3:34,23,14.5,2.66
2/19/20 3:34,23,14.5,2.66
2/19/20 3:49,23,14.5,2.66
2/19/20 3:49,23,14.5,2.66
2/19/20 3:49,23,14.5,2.66
2/19/20 3:49,23,14.5,2.66
2/19/20 3:49,23,14.5,2.66
2/19/20 3:49,23,14.5,2.66
2/19/20 4:05,23,14.5,2.66
2/19/20 4:05,23,14.5,2.66
2/19/20 4:05,23,14.5,2.66
2/19/20 4:05,23,14.5,2.66
2/19/20 4:05,23,14.5,2.66
2/19/20 4:05,23,14.5,2.66
2/19/20 4:05,23,14.5,2.66
2/19/20 4:05,23,14.5,2.66
2/19/20 4:05,23,14.5,2.66
2/19/20 4:05,23,14.5,2.66
2/19/20 4:05,23,14.5,2.66
2/19/20 4:05,23,14.5,2.66
2/19/20 4:20,23,14.5,2.67
2/19/20 4:20,23,14.5,2.67
2/19/20 4:20,23,14.5,2.67
2/19/20 4:20,23,14.5,2.67
2/19/20 4:20,23,14.5,2.67
2/19/20 4:20,23,14.5,2.67
2/19/20 4:20,23,14.5,2.67
2/19/20 4:20,23,14.5,2.67
2/19/20 4:20,23,14.5,2.67
2/19/20 4:20,23,14.5,2.67
2/19/20 4:20,23,14.5,2.67
2/19/20 4:20,23,14.5,2.67
2/19/20 4:20,23,14.5,2.67
2/19/20 4:36,23,14.5,2.66
2/19/20 4:36,23,14.5,2.66
2/19/20 4:36,23,14.5,2.66
2/19/20 4:36,23,14.5,2.66
2/19/20 4:36,23,14.5,2.66
2/19/20 4:36,23,14.5,2.66
2/19/20 4:36,23,14.5,2.66
2/19/20 4:36,23,14.5,2.66
2/19/20 4:36,23,14.5,2.66
2/19/20 4:36,23,14.5,2.66
2/19/20 4:36,23,14.5,2.66
2/19/20 4:36,23,14.5,2.66
2/19/20 4:36,23,14.5,2.66
2/19/20 4:51,23,14.5,2.66
2/19/20 4:51,23,14.5,2.66
2/19/20 4:51,23,14.5,2.66
2/19/20 4:51,23,14.5,2.66
2/19/20 4:51,23,14.5,2.66
2/19/20 4:51,23,14.5,2.66
2/19/20 4:51,23,14.5,2.66
2/19/20 4:51,23,14.5,2.66
2/19/20 5:06,23,14.5,2.66
2/19/20 5:06,23,14.5,2.66
2/19/20 5:06,23,14.5,2.66
2/19/20 5:06,23,14.5,2.66
2/19/20 5:06,23,14.5,2.66
2/19/20 5:06,23,14.5,2.66
2/19/20 5:06,23,14.5,2.66
2/19/20 5:06,23,14.5,2.66
2/19/20 5:06,23,14.5,2.66
2/19/20 5:06,23,14.5,2.66
2/19/20 5:22,23,14.5,2.67
2/19/20 5:22,23,14.5,2.67
2/19/20 5:22,23,14.5,2.67
2/19/20 5:22,23,14.5,2.67
2/19/20 5:22,23,14.5,2.67
2/19/20 5:22,23,14.5,2.67
2/19/20 5:22,23,14.5,2.67
2/19/20 5:22,23,14.5,2.67
2/19/20 5:22,23,14.5,2.67
2/19/20 5:37,23,14.5,2.67
2/19/20 5:37,23,14.5,2.67
2/19/20 5:37,23,14.5,2.67
2/19/20 5:37,23,14.5,2.67
2/19/20 5:37,23,14.5,2.67
2/19/20 5:37,23,14.5,2.67
2/19/20 5:37,23,14.5,2.67
2/19/20 5:37,23,14.5,2.67
2/19/20 5:37,23,14.5,2.67
2/19/20 5:37,23,14.5,2.67
2/19/20 5:37,23,14.5,2.67
2/19/20 5:37,23,14.5,2.67
2/19/20 5:52,23,14.5,2.67
2/19/20 5:52,23,14.5,2.67
2/19/20 5:52,23,14.5,2.67
2/19/20 5:52,23,14.5,2.67
2/19/20 5:52,23,14.5,2.67
2/19/20 5:52,23,14.5,2.67
2/19/20 5:52,23,14.5,2.67
2/19/20 5:52,23,14.5,2.67
2/19/20 5:52,23,14.5,2.67
2/19/20 6:08,23,14.5,2.67
2/19/20 6:08,23,14.5,2.67
2/19/20 6:08,23,14.5,2.67
2/19/20 6:08,23,14.5,2.67
2/19/20 6:08,23,14.5,2.67
2/19/20 6:08,23,14.5,2.67
2/19/20 6:08,23,14.5,2.67
2/19/20 6:08,23,14.5,2.67
2/19/20 6:08,23,14.5,2.67
2/19/20 6:08,23,14.5,2.67
2/19/20 6:08,23,14.5,2.67
2/19/20 6:08,23,14.5,2.67
2/19/20 6:23,23,14.5,2.67
2/19/20 6:23,23,14.5,2.67
2/19/20 6:23,23,14.5,2.67
2/19/20 6:23,23,14.5,2.67
2/19/20 6:23,23,14.5,2.67
2/19/20 6:23,23,14.5,2.67
2/19/20 6:23,23,14.5,2.67
2/19/20 6:23,23,14.5,2.67
2/19/20 6:23,23,14.5,2.67
2/19/20 6:23,23,14.5,2.67
2/19/20 6:23,23,14.5,2.67
2/19/20 6:37,23,14.5,2.67
2/19/20 6:37,23,14.5,2.67
2/19/20 6:38,23,14.5,2.67
2/19/20 6:38,23,14.5,2.67
2/19/20 6:38,23,14.5,2.67
2/19/20 6:38,23,14.5,2.67
2/19/20 6:38,23,14.5,2.67
2/19/20 6:38,23,14.5,2.67
2/19/20 6:38,23,14.5,2.67
2/19/20 6:38,23,14.5,2.67
2/19/20 6:38,23,14.5,2.67
2/19/20 6:38,23,14.5,2.67
2/19/20 6:38,23,14.5,2.67
2/19/20 6:38,23,14.5,2.67
2/19/20 6:38,23,14.5,2.67
2/19/20 6:38,23,14.5,2.67
2/19/20 6:38,23,14.5,2.67
2/19/20 6:38,23,14.5,2.67
2/19/20 6:38,23,14.5,2.67
2/19/20 6:38,23,14.5,2.67
2/19/20 6:38,23,14.5,2.67
2/19/20 6:38,23,14.5,2.67
2/19/20 6:38,23,14.5,2.67
2/19/20 6:54,23,14.5,2.67
2/19/20 6:54,23,14.5,2.67
2/19/20 6:54,23,14.5,2.67
2/19/20 6:54,23,14.5,2.67
2/19/20 6:54,23,14.5,2.67
2/19/20 6:54,23,14.5,2.67
2/19/20 6:54,23,14.5,2.67
2/19/20 6:54,23,14.5,2.67
2/19/20 6:54,23,14.5,2.67
2/19/20 6:54,23,14.5,2.67
2/19/20 6:54,23,14.5,2.67
2/19/20 6:54,23,14.5,2.67
2/19/20 7:09,23,14.5,2.67
2/19/20 7:09,23,14.5,2.67
2/19/20 7:09,23,14.5,2.67
2/19/20 7:09,23,14.5,2.67
2/19/20 7:09,23,14.5,2.67
2/19/20 7:09,23,14.5,2.67
2/19/20 7:09,23,14.5,2.67
2/19/20 7:09,23,14.5,2.67
2/19/20 7:09,23,14.5,2.67
2/19/20 7:09,23,14.5,2.67
2/19/20 7:25,23,14.5,2.67
2/19/20 7:25,23,14.5,2.67
2/19/20 7:25,23,14.5,2.67
2/19/20 7:25,23,14.5,2.67
2/19/20 7:25,23,14.5,2.67
2/19/20 7:25,23,14.5,2.67
2/19/20 7:25,23,14.5,2.67
2/19/20 7:25,23,14.5,2.67
2/19/20 7:25,23,14.5,2.67
2/19/20 7:25,23,14.5,2.67
2/19/20 7:25,23,14.5,2.67
2/19/20 7:25,23,14.5,2.67
2/19/20 7:40,23,14.5,2.67
2/19/20 7:40,23,14.5,2.67
2/19/20 7:40,23,14.5,2.67
2/19/20 7:40,23,14.5,2.67
2/19/20 7:40,23,14.5,2.67
2/19/20 7:40,23,14.5,2.67
2/19/20 7:40,23,14.5,2.67
2/19/20 7:40,23,14.5,2.67
2/19/20 7:40,23,14.5,2.67
2/19/20 7:40,23,14.5,2.67
2/19/20 7:49,23,14.5,2.67
2/19/20 7:49,23,14.5,2.67
2/19/20 7:49,23,14.5,2.67
2/19/20 7:50,23,14.5,2.67
2/19/20 7:50,23,14.5,2.67
2/19/20 7:50,23,14.5,2.67
2/19/20 7:50,23,14.5,2.67
2/19/20 7:50,23,14.5,2.67
2/19/20 7:50,23,14.5,2.67
2/19/20 7:50,23,14.5,2.67
2/19/20 7:50,23,14.5,2.67
2/19/20 7:50,23,14.5,2.67
2/19/20 7:50,23,14.5,2.67
2/19/20 7:50,23,14.5,2.67
2/19/20 7:50,23,14.5,2.67
2/19/20 7:51,23,14.5,2.67
2/19/20 7:51,23,14.5,2.67
2/19/20 7:51,23,14.5,2.67
2/19/20 7:51,23,14.5,2.67
2/19/20 7:51,23,14.5,2.67
2/19/20 7:51,23,14.5,2.67
2/19/20 7:51,23,14.5,2.67
2/19/20 7:51,23,14.5,2.67
2/19/20 7:51,23,14.5,2.67
2/19/20 7:51,23,14.5,2.67
2/19/20 7:51,23,14.5,2.67
2/19/20 7:51,23,14.5,2.67
2/19/20 7:51,23,14.5,2.67
2/19/20 7:51,23,14.5,2.67
2/19/20 7:51,23,14.5,2.67
2/19/20 7:51,23,14.5,2.67
2/19/20 7:51,23,14.5,2.67
2/19/20 7:51,23,14.5,2.67
2/19/20 7:52,23,14.5,2.67
2/19/20 7:52,23,14.5,2.67
2/19/20 7:52,23,14.5,2.67
2/19/20 7:52,23,14.5,2.67
2/19/20 7:52,23,14.5,2.67
2/19/20 7:52,23,14.5,2.67
2/19/20 7:52,23,14.5,2.67
2/19/20 7:52,23,14.5,2.67
2/19/20 7:52,23,14.5,2.67
2/19/20 7:53,23,14.5,2.67
2/19/20 7:53,23,14.5,2.67
2/19/20 7:53,23,14.5,2.67
2/19/20 7:53,23,14.5,2.67
2/19/20 7:53,23,14.5,2.67
2/19/20 7:53,23,14.5,2.67
2/19/20 7:53,23,14.5,2.67
2/19/20 7:53,23,14.5,2.67
2/19/20 7:53,23,14.5,2.67
2/19/20 7:53,23,14.5,2.67
2/19/20 7:53,23,14.5,2.67
2/19/20 7:53,23,14.5,2.67
2/19/20 7:53,23,14.5,2.67
2/19/20 7:53,23,14.5,2.67
2/19/20 7:53,23,14.5,2.67
2/19/20 7:54,23,14.5,2.67
2/19/20 7:54,23,14.5,2.67
2/19/20 7:54,23,14.5,2.67
2/19/20 7:54,23,14.5,2.67
2/19/20 7:54,23,14.5,2.67
2/19/20 7:54,23,14.5,2.67
2/19/20 7:54,23,14.5,2.67
2/19/20 7:54,23,14.5,2.67
2/19/20 7:54,23,14.5,2.67
2/19/20 7:54,23,14.5,2.67
2/19/20 7:54,23,14.5,2.67
2/19/20 7:54,23,14.5,2.67
2/19/20 7:54,23,14.5,2.67
2/19/20 7:54,23,14.5,2.67
2/19/20 7:54,23,14.5,2.67
2/19/20 7:54,23,14.5,2.67
2/19/20 7:54,23,14.5,2.67
2/19/20 7:54,23,14.5,2.67
2/19/20 7:55,23,14.5,2.67
2/19/20 7:55,23,14.5,2.67
2/19/20 7:55,23,14.5,2.67
2/19/20 7:55,23,14.5,2.67
2/19/20 7:55,23,14.5,2.67
2/19/20 7:55,23,14.5,2.67
2/19/20 7:55,23,14.5,2.67
2/19/20 7:55,23,14.5,2.67
2/19/20 7:55,23,14.5,2.67
2/19/20 7:55,23,14.5,2.67
2/19/20 7:55,23,14.5,2.67
2/19/20 7:55,23,14.5,2.67
2/19/20 7:55,23,14.5,2.67
2/19/20 7:55,23,14.5,2.67
2/19/20 7:55,23,14.5,2.67
2/19/20 7:55,23,14.5,2.67
2/19/20 7:55,23,14.5,2.67
2/19/20 7:55,23,14.5,2.67
2/19/20 7:55,23,14.5,2.67
2/19/20 7:55,23,14.5,2.67
2/19/20 7:55,23,14.5,2.67
2/19/20 7:55,23,14.5,2.67
2/19/20 7:55,23,14.5,2.67
2/19/20 7:55,23,14.5,2.67
2/19/20 7:55,23,14.5,2.67
2/19/20 7:55,23,14.5,2.67
2/19/20 8:08,24,14.5,2.67
2/19/20 8:08,24,14.5,2.67
2/19/20 8:08,24,14.5,2.67
2/19/20 8:08,24,14.5,2.67
2/19/20 8:08,24,14.5,2.67
2/19/20 8:08,24,14.5,2.67
2/19/20 8:08,24,14.5,2.67
2/19/20 8:08,24,14.5,2.67
2/19/20 8:08,24,14.5,2.67
2/19/20 8:08,24,14.5,2.67
2/19/20 8:08,24,14.5,2.67
2/19/20 8:08,24,14.5,2.67
2/19/20 8:11,23,14.5,2.67
2/19/20 8:11,23,14.5,2.67
2/19/20 8:11,23,14.5,2.67
2/19/20 8:11,23,14.5,2.67
2/19/20 8:11,23,14.5,2.67
2/19/20 8:11,23,14.5,2.67
2/19/20 8:11,23,14.5,2.67
2/19/20 8:11,23,14.5,2.67
2/19/20 8:26,23,14.5,2.67
2/19/20 8:26,23,14.5,2.67
2/19/20 8:26,23,14.5,2.67
2/19/20 8:26,23,14.5,2.67
2/19/20 8:26,23,14.5,2.67
2/19/20 8:26,23,14.5,2.67
2/19/20 8:26,23,14.5,2.67
2/19/20 8:26,23,14.5,2.67
2/19/20 8:26,23,14.5,2.67
2/19/20 8:26,23,14.5,2.67
2/19/20 8:26,23,14.5,2.67
2/19/20 8:26,23,14.5,2.67
2/19/20 8:26,23,14.5,2.67
2/19/20 8:26,23,14.5,2.67
2/19/20 8:26,23,14.5,2.67
2/19/20 8:26,23,14.5,2.67
2/19/20 8:26,23,14.5,2.67
2/19/20 8:26,23,14.5,2.67
2/19/20 8:26,23,14.5,2.67
2/19/20 8:26,23,14.5,2.67
2/19/20 8:26,23,14.5,2.67
2/19/20 8:26,23,14.5,2.67
2/19/20 8:26,23,14.5,2.67
2/19/20 8:26,23,14.5,2.67
2/19/20 8:26,23,14.5,2.67
2/19/20 8:27,23,14.5,2.67
2/19/20 8:27,23,14.5,2.67
2/19/20 8:27,23,14.5,2.67
2/19/20 8:27,23,14.5,2.67
2/19/20 8:27,23,14.5,2.67
2/19/20 8:27,23,14.5,2.67
2/19/20 8:27,23,14.5,2.67
2/19/20 8:27,23,14.5,2.67
2/19/20 8:27,23,14.5,2.67
2/19/20 8:27,23,14.5,2.67
2/19/20 8:27,23,14.5,2.67
2/19/20 8:27,23,14.5,2.67
2/19/20 8:27,23,14.5,2.67
2/19/20 8:27,23,14.5,2.67
2/19/20 8:27,23,14.5,2.67
2/19/20 8:27,23,14.5,2.67
2/19/20 8:27,23,14.5,2.67
2/19/20 8:28,23,14.5,2.67
2/19/20 8:41,23,14.5,2.67
2/19/20 8:41,23,14.5,2.67
2/19/20 8:41,23,14.5,2.67
2/19/20 8:41,23,14.5,2.67
2/19/20 8:41,23,14.5,2.67
2/19/20 8:41,23,14.5,2.67
2/19/20 8:41,23,14.5,2.67
2/19/20 8:57,23,14.5,2.67
2/19/20 8:57,23,14.5,2.67
2/19/20 8:57,23,14.5,2.67
2/19/20 8:57,23,14.5,2.67
2/19/20 8:57,23,14.5,2.67
2/19/20 8:57,23,14.5,2.67
2/19/20 8:57,23,14.5,2.67
2/19/20 8:57,23,14.5,2.67
2/19/20 9:02,23,14.5,2.67
2/19/20 9:02,23,14.5,2.67
2/19/20 9:02,23,14.5,2.67
2/19/20 9:02,23,14.5,2.67
2/19/20 9:02,23,14.5,2.67
2/19/20 9:02,23,14.5,2.67
2/19/20 9:02,23,14.5,2.67
2/19/20 9:02,23,14.5,2.67
2/19/20 9:02,23,14.5,2.67
2/19/20 9:02,23,14.5,2.67
2/19/20 9:02,23,14.5,2.67
2/19/20 9:02,23,14.5,2.67
2/19/20 9:02,23,14.5,2.67
2/19/20 9:02,23,14.5,2.67
2/19/20 9:02,23,14.5,2.67
2/19/20 9:03,23,14.5,2.67
2/19/20 9:03,23,14.5,2.67
2/19/20 9:03,23,14.5,2.67
2/19/20 9:03,23,14.5,2.67
2/19/20 9:03,23,14.5,2.67
2/19/20 9:03,23,14.5,2.67
2/19/20 9:03,23,14.5,2.67
2/19/20 9:03,23,14.5,2.67
2/19/20 9:03,23,14.5,2.67
2/19/20 9:03,23,14.5,2.67
2/19/20 9:03,23,14.5,2.67
2/19/20 9:03,23,14.5,2.67
2/19/20 9:03,23,14.5,2.67
2/19/20 9:03,23,14.5,2.67
2/19/20 9:03,23,14.5,2.67
2/19/20 9:03,23,14.5,2.67
2/19/20 9:03,23,14.5,2.67
2/19/20 9:03,23,14.5,2.67
2/19/20 9:04,23,14.5,2.67
2/19/20 9:04,23,14.5,2.67
2/19/20 9:04,23,14.5,2.67
2/19/20 9:04,23,14.5,2.67
2/19/20 9:04,23,14.5,2.67
2/19/20 9:04,23,14.5,2.67
2/19/20 9:04,23,14.5,2.67
2/19/20 9:04,23,14.5,2.67
2/19/20 9:04,23,14.5,2.67
2/19/20 9:12,23,14.5,2.67
2/19/20 9:12,23,14.5,2.67
2/19/20 9:12,23,14.5,2.67
2/19/20 9:12,23,14.5,2.67
2/19/20 9:12,23,14.5,2.67
2/19/20 9:12,23,14.5,2.67
2/19/20 9:12,23,14.5,2.67
2/19/20 9:12,23,14.5,2.67
2/19/20 9:12,23,14.5,2.67
2/19/20 9:12,23,14.5,2.67
2/19/20 9:12,23,14.5,2.67
2/19/20 9:12,23,14.5,2.67
2/19/20 9:27,23,14.5,2.67
2/19/20 9:27,23,14.5,2.67
2/19/20 9:27,23,14.5,2.67
2/19/20 9:27,23,14.5,2.67
2/19/20 9:43,23,14.5,2.67
2/19/20 9:43,23,14.5,2.67
2/19/20 9:43,23,14.5,2.67
2/19/20 9:43,23,14.5,2.67
2/19/20 9:43,23,14.5,2.67
2/19/20 9:43,23,14.5,2.67
2/19/20 9:43,23,14.5,2.67
2/19/20 9:43,23,14.5,2.67
2/19/20 9:43,23,14.5,2.67
2/19/20 9:43,23,14.5,2.67
2/19/20 9:58,23,14.5,2.67
2/19/20 9:58,23,14.5,2.67
2/19/20 9:58,23,14.5,2.67
2/19/20 9:58,23,14.5,2.67
2/19/20 9:58,23,14.5,2.67
2/19/20 9:58,23,14.5,2.67
2/19/20 9:58,23,14.5,2.67
2/19/20 9:58,23,14.5,2.67
2/19/20 9:58,23,14.5,2.67
2/19/20 10:13,23,14.5,2.67
2/19/20 10:13,23,14.5,2.67
2/19/20 10:13,23,14.5,2.67
2/19/20 10:13,23,14.5,2.67
2/19/20 10:13,23,14.5,2.67
2/19/20 10:13,23,14.5,2.67
2/19/20 10:13,23,14.5,2.67
2/19/20 10:13,23,14.5,2.67
2/19/20 10:13,23,14.5,2.67
2/19/20 10:13,23,14.5,2.67
2/19/20 10:29,23,14.5,2.67
2/19/20 10:29,23,14.5,2.67
2/19/20 10:29,23,14.5,2.67
2/19/20 10:29,23,14.5,2.67
2/19/20 10:29,23,14.5,2.67
2/19/20 10:29,23,14.5,2.67
2/19/20 10:29,23,14.5,2.67
2/19/20 10:29,23,14.5,2.67
2/19/20 10:29,23,14.5,2.67
2/19/20 10:29,23,14.5,2.67
2/19/20 10:29,23,14.5,2.67
2/19/20 10:44,23,14.5,2.67
2/19/20 10:44,23,14.5,2.67
2/19/20 10:44,23,14.5,2.67
2/19/20 10:44,23,14.5,2.67
2/19/20 10:44,23,14.5,2.67
2/19/20 10:44,23,14.5,2.67
2/19/20 10:44,23,14.5,2.67
2/19/20 10:44,23,14.5,2.67
2/19/20 10:44,23,14.5,2.67
2/19/20 10:44,23,14.5,2.67
2/19/20 10:44,23,14.5,2.67
2/19/20 11:00,23,14.5,2.67
2/19/20 11:00,23,14.5,2.67
2/19/20 11:00,23,14.5,2.67
2/19/20 11:00,23,14.5,2.67
2/19/20 11:00,23,14.5,2.67
2/19/20 11:00,23,14.5,2.67
2/19/20 11:00,23,14.5,2.67
2/19/20 11:00,23,14.5,2.67
2/19/20 11:15,23,14.5,2.67
2/19/20 11:15,23,14.5,2.67
2/19/20 11:15,23,14.5,2.67
2/19/20 11:15,23,14.5,2.67
2/19/20 11:15,23,14.5,2.67
2/19/20 11:15,23,14.5,2.67
2/19/20 11:15,23,14.5,2.67
2/19/20 11:15,23,14.5,2.67
2/19/20 11:15,23,14.5,2.67
2/19/20 11:15,23,14.5,2.67
2/19/20 11:15,23,14.5,2.67
2/19/20 11:15,23,14.5,2.67
2/19/20 11:25,23,14.5,2.67
2/19/20 11:25,23,14.5,2.67
2/19/20 11:25,23,14.5,2.67
2/19/20 11:25,23,14.5,2.67
2/19/20 11:25,23,14.5,2.67
2/19/20 11:25,23,14.5,2.67
2/19/20 11:26,23,14.5,2.67
2/19/20 11:26,23,14.5,2.67
2/19/20 11:26,23,14.5,2.67
2/19/20 11:26,23,14.5,2.67
2/19/20 11:26,23,14.5,2.67
2/19/20 11:26,23,14.5,2.67
2/19/20 11:26,23,14.5,2.67
2/19/20 11:26,23,14.5,2.67
2/19/20 11:26,23,14.5,2.67
2/19/20 11:26,23,14.5,2.67
2/19/20 11:26,23,14.5,2.67
2/19/20 11:26,23,14.5,2.67
2/19/20 11:26,23,14.5,2.67
2/19/20 11:26,23,14.5,2.67
2/19/20 11:26,23,14.5,2.67
2/19/20 11:26,23,14.5,2.67
2/19/20 11:26,23,14.5,2.67
2/19/20 11:26,23,14.5,2.67
2/19/20 11:27,23,14.5,2.67
2/19/20 11:27,23,14.5,2.67
2/19/20 11:27,23,14.5,2.67
2/19/20 11:27,23,14.5,2.67
2/19/20 11:27,23,14.5,2.67
2/19/20 11:27,23,14.5,2.67
2/19/20 11:27,23,14.5,2.67
2/19/20 11:27,23,14.5,2.67
2/19/20 11:27,23,14.5,2.67
2/19/20 11:27,23,14.5,2.67
2/19/20 11:27,23,14.5,2.67
2/19/20 11:27,23,14.5,2.67
2/19/20 11:27,23,14.5,2.67
2/19/20 11:27,23,14.5,2.67
2/19/20 11:27,23,14.5,2.67
2/19/20 11:30,23,14.5,2.67
2/19/20 11:30,23,14.5,2.67
2/19/20 11:30,23,14.5,2.67
2/19/20 11:30,23,14.5,2.67
2/19/20 11:30,23,14.5,2.67
2/19/20 11:30,23,14.5,2.67
2/19/20 11:30,23,14.5,2.67
2/19/20 11:30,23,14.5,2.67
2/19/20 11:30,23,14.5,2.67
2/19/20 11:46,23,14.5,2.67
2/19/20 11:46,23,14.5,2.67
2/19/20 11:46,23,14.5,2.67
2/19/20 11:46,23,14.5,2.67
2/19/20 11:46,23,14.5,2.67
2/19/20 11:46,23,14.5,2.67
2/19/20 11:46,23,14.5,2.67
2/19/20 11:46,23,14.5,2.67
2/19/20 11:46,23,14.5,2.67
2/19/20 12:01,23,14.5,2.67
2/19/20 12:01,23,14.5,2.67
2/19/20 12:01,23,14.5,2.67
2/19/20 12:01,23,14.5,2.67
2/19/20 12:01,23,14.5,2.67
2/19/20 12:01,23,14.5,2.67
2/19/20 12:01,23,14.5,2.67
2/19/20 12:01,23,14.5,2.67
2/19/20 12:01,23,14.5,2.67
2/19/20 12:16,23,14.5,2.67
2/19/20 12:16,23,14.5,2.67
2/19/20 12:16,23,14.5,2.67
2/19/20 12:16,23,14.5,2.67
2/19/20 12:16,23,14.5,2.67
2/19/20 12:16,23,14.5,2.67
2/19/20 12:16,23,14.5,2.67
2/19/20 12:16,23,14.5,2.67
2/19/20 12:16,23,14.5,2.67
2/19/20 12:16,23,14.5,2.67
2/19/20 12:32,23,14.5,2.67
2/19/20 12:32,23,14.5,2.67
2/19/20 12:32,23,14.5,2.67
2/19/20 12:32,23,14.5,2.67
2/19/20 12:32,23,14.5,2.67
2/19/20 12:32,23,14.5,2.67
2/19/20 12:32,23,14.5,2.67
2/19/20 12:32,23,14.5,2.67
2/19/20 12:47,23,14.5,2.67
2/19/20 12:47,23,14.5,2.67
2/19/20 12:47,23,14.5,2.67
2/19/20 12:47,23,14.5,2.67
2/19/20 12:47,23,14.5,2.67
2/19/20 12:47,23,14.5,2.67
2/19/20 12:47,23,14.5,2.67
2/19/20 12:47,23,14.5,2.67
2/19/20 13:02,23,14.5,2.67
2/19/20 13:02,23,14.5,2.67
2/19/20 13:02,23,14.5,2.67
2/19/20 13:02,23,14.5,2.67
2/19/20 13:02,23,14.5,2.67
2/19/20 13:02,23,14.5,2.67
2/19/20 13:02,23,14.5,2.67
2/19/20 13:02,23,14.5,2.67
2/19/20 13:02,23,14.5,2.67
2/19/20 13:02,23,14.5,2.67
2/19/20 13:13,23,14.5,2.67
2/19/20 13:13,23,14.5,2.67
2/19/20 13:13,23,14.5,2.67
2/19/20 13:13,23,14.5,2.67
2/19/20 13:13,23,14.5,2.67
2/19/20 13:13,23,14.5,2.67
2/19/20 13:13,23,14.5,2.67
2/19/20 13:13,23,14.5,2.67
2/19/20 13:13,23,14.5,2.67
2/19/20 13:13,23,14.5,2.67
2/19/20 13:13,23,14.5,2.67
2/19/20 13:13,23,14.5,2.67
2/19/20 13:14,23,14.5,2.67
2/19/20 13:14,23,14.5,2.67
2/19/20 13:14,23,14.5,2.67
2/19/20 13:14,23,14.5,2.67
2/19/20 13:14,23,14.5,2.67
2/19/20 13:14,23,14.5,2.67
2/19/20 13:14,23,14.5,2.67
2/19/20 13:14,23,14.5,2.67
2/19/20 13:14,23,14.5,2.67
2/19/20 13:14,23,14.5,2.67
2/19/20 13:14,23,14.5,2.67
2/19/20 13:14,23,14.5,2.67
2/19/20 13:15,23,14.5,2.67
2/19/20 13:15,23,14.5,2.67
2/19/20 13:15,23,14.5,2.67
2/19/20 13:15,23,14.5,2.67
2/19/20 13:15,23,14.5,2.67
2/19/20 13:15,23,14.5,2.67
2/19/20 13:15,23,14.5,2.67
2/19/20 13:15,23,14.5,2.67
2/19/20 13:15,23,14.5,2.67
2/19/20 13:15,23,14.5,2.67
2/19/20 13:15,23,14.5,2.67
2/19/20 13:15,23,14.5,2.67
2/19/20 13:16,23,14.5,2.67
2/19/20 13:16,23,14.5,2.67
2/19/20 13:16,23,14.5,2.67
2/19/20 13:16,23,14.5,2.67
2/19/20 13:16,23,14.5,2.67
2/19/20 13:16,23,14.5,2.67
2/19/20 13:16,23,14.5,2.67
2/19/20 13:16,23,14.5,2.67
2/19/20 13:16,23,14.5,2.67
2/19/20 13:17,23,14.5,2.67
2/19/20 13:17,23,14.5,2.67
2/19/20 13:17,23,14.5,2.67
2/19/20 13:17,23,14.5,2.67
2/19/20 13:17,23,14.5,2.67
2/19/20 13:17,23,14.5,2.67
2/19/20 13:17,23,14.5,2.67
2/19/20 13:17,23,14.5,2.67
2/19/20 13:17,23,14.5,2.67
2/19/20 13:17,23,14.5,2.67
2/19/20 13:17,23,14.5,2.67
2/19/20 13:17,23,14.5,2.67
2/19/20 13:17,23,14.5,2.67
2/19/20 13:17,23,14.5,2.67
2/19/20 13:17,23,14.5,2.67
2/19/20 13:17,23,14.5,2.67
2/19/20 13:17,23,14.5,2.67
2/19/20 13:17,23,14.5,2.67
2/19/20 13:18,23,14.5,2.67
2/19/20 13:18,23,14.5,2.67
2/19/20 13:18,23,14.5,2.67
2/19/20 13:18,23,14.5,2.67
2/19/20 13:18,23,14.5,2.67
2/19/20 13:18,23,14.5,2.67
2/19/20 13:18,23,14.5,2.67
2/19/20 13:18,23,14.5,2.67
2/19/20 13:18,23,14.5,2.67
2/19/20 13:18,23,14.5,2.67
2/19/20 13:18,23,14.5,2.67
2/19/20 13:18,23,14.5,2.67
2/19/20 13:18,23,14.5,2.67
2/19/20 13:18,23,14.5,2.67
2/19/20 13:27,22,14.5,2.66
2/19/20 13:27,22,14.5,2.66
2/19/20 13:27,22,14.5,2.66
2/19/20 13:27,22,14.5,2.66
2/19/20 13:27,22,14.5,2.66
2/19/20 13:27,22,14.5,2.66
2/19/20 13:27,22,14.5,2.66
2/19/20 13:27,22,14.5,2.66
2/19/20 13:30,22,14.5,2.66
2/19/20 13:30,22,14.5,2.66
2/19/20 13:30,22,14.5,2.66
2/19/20 13:30,22,14.5,2.66
2/19/20 13:30,22,14.5,2.66
2/19/20 13:30,22,14.5,2.66
2/19/20 13:30,22,14.5,2.66
2/19/20 13:31,22,14.5,2.66
2/19/20 13:31,22,14.5,2.66
2/19/20 13:31,22,14.5,2.66
2/19/20 13:31,22,14.5,2.66
2/19/20 13:31,22,14.5,2.66
2/19/20 13:31,22,14.5,2.66
2/19/20 13:31,22,14.5,2.66
2/19/20 13:31,22,14.5,2.66
2/19/20 13:31,22,14.5,2.66
2/19/20 13:32,22,14.5,2.66
2/19/20 13:32,22,14.5,2.66
2/19/20 13:32,22,14.5,2.66
2/19/20 13:32,22,14.5,2.66
2/19/20 13:32,22,14.5,2.66
2/19/20 13:32,22,14.5,2.66
2/19/20 13:32,22,14.5,2.66
2/19/20 13:32,22,14.5,2.66
2/19/20 13:32,22,14.5,2.66
2/19/20 13:32,22,14.5,2.66
2/19/20 13:32,22,14.5,2.66
2/19/20 13:32,22,14.5,2.66
2/19/20 13:33,22,14.5,2.66
2/19/20 13:33,22,14.5,2.66
2/19/20 13:33,22,14.5,2.66
2/19/20 13:33,22,14.5,2.66
2/19/20 13:33,22,14.5,2.66
2/19/20 13:33,22,14.5,2.66
2/19/20 13:33,22,14.5,2.66
2/19/20 13:33,22,14.5,2.66
2/19/20 13:33,22,14.5,2.66
2/19/20 13:33,22,14.5,2.66
2/19/20 13:33,22,14.5,2.66
2/19/20 13:33,22,14.5,2.66
2/19/20 13:33,22,14.5,2.66
2/19/20 13:33,22,14.5,2.66
2/19/20 13:33,22,14.5,2.66
2/19/20 13:33,22,14.5,2.66
2/19/20 13:33,22,14.5,2.66
2/19/20 13:33,22,14.5,2.66
2/19/20 13:33,22,14.5,2.66
2/19/20 13:33,22,14.5,2.66
2/19/20 13:34,22,14.5,2.66
2/19/20 13:34,22,14.5,2.66
2/19/20 13:34,22,14.5,2.66
2/19/20 13:34,22,14.5,2.66
2/19/20 13:34,22,14.5,2.66
2/19/20 13:34,22,14.5,2.66
2/19/20 13:34,22,14.5,2.66
2/19/20 13:34,22,14.5,2.66
2/19/20 13:34,22,14.5,2.66
2/19/20 13:34,22,14.5,2.66
2/19/20 13:34,22,14.5,2.66
2/19/20 13:34,22,14.5,2.66
2/19/20 13:35,22,14.5,2.66
2/19/20 13:35,22,14.5,2.66
2/19/20 13:35,22,14.5,2.66
2/19/20 13:35,22,14.5,2.66
2/19/20 13:35,22,14.5,2.66
2/19/20 13:35,22,14.5,2.66
2/19/20 13:35,22,14.5,2.66
2/19/20 13:35,22,14.5,2.66
2/19/20 13:35,22,14.5,2.66
2/19/20 13:36,22,14.5,2.66
2/19/20 13:36,22,14.5,2.66
2/19/20 13:36,22,14.5,2.66
2/19/20 13:36,22,14.5,2.66
2/19/20 13:36,22,14.5,2.66
2/19/20 13:36,22,14.5,2.66
2/19/20 13:36,22,14.5,2.66
2/19/20 13:36,22,14.5,2.66
2/19/20 13:49,22,14.5,2.65
2/19/20 13:49,22,14.5,2.65
2/19/20 13:49,22,14.5,2.65
2/19/20 13:49,22,14.5,2.65
2/19/20 13:49,22,14.5,2.65
2/19/20 13:49,22,14.5,2.65
2/19/20 14:04,22,14.5,2.65
2/19/20 14:04,22,14.5,2.65
2/19/20 14:04,22,14.5,2.65
2/19/20 14:04,22,14.5,2.65
2/19/20 14:04,22,14.5,2.65
2/19/20 14:04,22,14.5,2.65
2/19/20 14:04,22,14.5,2.65
2/19/20 14:04,22,14.5,2.65
2/19/20 14:19,21,14.5,2.65
2/19/20 14:19,21,14.5,2.65
2/19/20 14:19,21,14.5,2.65
2/19/20 14:19,21,14.5,2.65
2/19/20 14:19,21,14.5,2.65
2/19/20 14:19,21,14.5,2.65
2/19/20 14:19,21,14.5,2.65
2/19/20 14:19,21,14.5,2.65
2/19/20 14:19,21,14.5,2.65
2/19/20 14:35,21,14.5,2.65
2/19/20 14:35,21,14.5,2.65
2/19/20 14:35,21,14.5,2.65
2/19/20 14:35,21,14.5,2.65
2/19/20 14:35,21,14.5,2.65
2/19/20 14:35,21,14.5,2.65
2/19/20 14:35,21,14.5,2.65
2/19/20 14:35,21,14.5,2.65
2/19/20 14:35,21,14.5,2.65
2/19/20 14:35,21,14.5,2.65
2/19/20 14:35,21,14.5,2.65
2/19/20 14:35,21,14.5,2.65
2/19/20 14:50,21,14.5,2.64
2/19/20 14:50,21,14.5,2.64
2/19/20 14:50,21,14.5,2.64
2/19/20 14:50,21,14.5,2.64
2/19/20 14:50,21,14.5,2.64
2/19/20 14:50,21,14.5,2.64
2/19/20 14:50,21,14.5,2.64
2/19/20 14:50,21,14.5,2.64
2/19/20 14:50,21,14.5,2.64
2/19/20 14:50,21,14.5,2.64
2/19/20 14:50,21,14.5,2.64
2/19/20 14:50,21,14.5,2.64
2/19/20 15:05,21,14.5,2.65
2/19/20 15:05,21,14.5,2.65
2/19/20 15:05,21,14.5,2.65
2/19/20 15:05,21,14.5,2.65
2/19/20 15:06,21,14.5,2.65
2/19/20 15:06,21,14.5,2.65
2/19/20 15:06,21,14.5,2.65
2/19/20 15:21,21,14.5,2.64
2/19/20 15:21,21,14.5,2.64
2/19/20 15:21,21,14.5,2.64
2/19/20 15:21,21,14.5,2.64
2/19/20 15:21,21,14.5,2.64
2/19/20 15:21,21,14.5,2.64
2/19/20 15:21,21,14.5,2.64
2/19/20 15:21,21,14.5,2.64
2/19/20 15:21,21,14.5,2.64
2/19/20 15:21,21,14.5,2.64
2/19/20 15:36,21,14.5,2.64
2/19/20 15:36,21,14.5,2.64
2/19/20 15:36,21,14.5,2.64
2/19/20 15:36,21,14.5,2.64
2/19/20 15:36,21,14.5,2.64
2/19/20 15:36,21,14.5,2.64
2/19/20 15:36,21,14.5,2.64
2/19/20 15:52,21,14.5,2.64
2/19/20 15:52,21,14.5,2.64
2/19/20 15:52,21,14.5,2.64
2/19/20 15:52,21,14.5,2.64
2/19/20 15:52,21,14.5,2.64
2/19/20 15:52,21,14.5,2.64
2/19/20 15:52,21,14.5,2.64
2/19/20 15:52,21,14.5,2.64
2/19/20 16:07,21,14.5,2.64
2/19/20 16:07,21,14.5,2.64
2/19/20 16:07,21,14.5,2.64
2/19/20 16:07,21,14.5,2.64
2/19/20 16:07,21,14.5,2.64
2/19/20 16:07,21,14.5,2.64
2/19/20 16:07,21,14.5,2.64
2/19/20 16:07,21,14.5,2.64
2/19/20 16:07,21,14.5,2.64
2/19/20 16:07,21,14.5,2.64
2/19/20 16:07,21,14.5,2.64
2/19/20 16:07,21,14.5,2.64
2/19/20 16:22,21,14.5,2.64
2/19/20 16:22,21,14.5,2.64
2/19/20 16:22,21,14.5,2.64
2/19/20 16:22,21,14.5,2.64
2/19/20 16:22,21,14.5,2.64
2/19/20 16:22,21,14.5,2.64
2/19/20 16:22,21,14.5,2.64
2/19/20 16:22,21,14.5,2.64
2/19/20 16:22,21,14.5,2.64
2/19/20 16:22,21,14.5,2.64
2/19/20 16:22,21,14.5,2.64
2/19/20 16:22,21,14.5,2.64
2/19/20 16:22,21,14.5,2.64
2/19/20 16:38,21,14.5,2.64
2/19/20 16:38,21,14.5,2.64
2/19/20 16:38,21,14.5,2.64
2/19/20 16:38,21,14.5,2.64
2/19/20 16:38,21,14.5,2.64
2/19/20 16:38,21,14.5,2.64
2/19/20 16:38,21,14.5,2.64
2/19/20 16:53,21,14.5,2.64
2/19/20 16:53,21,14.5,2.64
2/19/20 16:53,21,14.5,2.64
2/19/20 16:53,21,14.5,2.64
2/19/20 16:53,21,14.5,2.64
2/19/20 16:53,21,14.5,2.64
2/19/20 16:53,21,14.5,2.64
2/19/20 16:53,21,14.5,2.64
2/19/20 17:09,21,14.5,2.64
2/19/20 17:09,21,14.5,2.64
2/19/20 17:09,21,14.5,2.64
2/19/20 17:09,21,14.5,2.64
2/19/20 17:09,21,14.5,2.64
2/19/20 17:09,21,14.5,2.64
2/19/20 17:09,21,14.5,2.64
2/19/20 17:09,21,14.5,2.64
2/19/20 17:09,21,14.5,2.64
2/19/20 17:09,21,14.5,2.64
2/19/20 17:09,21,14.5,2.64
2/19/20 17:24,21,14.5,2.64
2/19/20 17:24,21,14.5,2.64
2/19/20 17:24,21,14.5,2.64
2/19/20 17:24,21,14.5,2.64
2/19/20 17:24,21,14.5,2.64
2/19/20 17:24,21,14.5,2.64
2/19/20 17:24,21,14.5,2.64
2/19/20 17:24,21,14.5,2.64
2/19/20 17:24,21,14.5,2.64
2/19/20 17:39,21,14.5,2.64
2/19/20 17:39,21,14.5,2.64
2/19/20 17:39,21,14.5,2.64
2/19/20 17:39,21,14.5,2.64
2/19/20 17:39,21,14.5,2.64
2/19/20 17:39,21,14.5,2.64
2/19/20 17:39,21,14.5,2.64
2/19/20 17:39,21,14.5,2.64
2/19/20 17:39,21,14.5,2.64
2/19/20 17:55,21,14.5,2.64
2/19/20 17:55,21,14.5,2.64
2/19/20 17:55,21,14.5,2.64
2/19/20 17:55,21,14.5,2.64
2/19/20 17:55,21,14.5,2.64
2/19/20 17:55,21,14.5,2.64
2/19/20 17:55,21,14.5,2.64
2/19/20 17:55,21,14.5,2.64
2/19/20 18:10,21,14.5,2.64
2/19/20 18:10,21,14.5,2.64
2/19/20 18:10,21,14.5,2.64
2/19/20 18:10,21,14.5,2.64
2/19/20 18:10,21,14.5,2.64
2/19/20 18:10,21,14.5,2.64
2/19/20 18:10,21,14.5,2.64
2/19/20 18:10,21,14.5,2.64
2/19/20 18:10,21,14.5,2.64
2/19/20 18:10,21,14.5,2.64
2/19/20 18:10,21,14.5,2.64
2/19/20 18:26,21,14.5,2.64
2/19/20 18:26,21,14.5,2.64
2/19/20 18:26,21,14.5,2.64
2/19/20 18:26,21,14.5,2.64
2/19/20 18:26,21,14.5,2.64
2/19/20 18:26,21,14.5,2.64
2/19/20 18:26,21,14.5,2.64
2/19/20 18:26,21,14.5,2.64
2/19/20 18:41,21,14.5,2.64
2/19/20 18:41,21,14.5,2.64
2/19/20 18:41,21,14.5,2.64
2/19/20 18:41,21,14.5,2.64
2/19/20 18:41,21,14.5,2.64
2/19/20 18:41,21,14.5,2.64
2/19/20 18:41,21,14.5,2.64
2/19/20 18:41,21,14.5,2.64
2/19/20 18:41,21,14.5,2.64
2/19/20 18:56,21,14.5,2.64
2/19/20 18:56,21,14.5,2.64
2/19/20 18:56,21,14.5,2.64
2/19/20 18:56,21,14.5,2.64
2/19/20 18:56,21,14.5,2.64
2/19/20 18:56,21,14.5,2.64
2/19/20 18:56,21,14.5,2.64
2/19/20 18:56,21,14.5,2.64
2/19/20 18:56,21,14.5,2.64
2/19/20 18:56,21,14.5,2.64
2/19/20 18:56,21,14.5,2.64
2/19/20 19:12,21,14.5,2.64
2/19/20 19:12,21,14.5,2.64
2/19/20 19:12,21,14.5,2.64
2/19/20 19:12,21,14.5,2.64
2/19/20 19:12,21,14.5,2.64
2/19/20 19:12,21,14.5,2.64
2/19/20 19:12,21,14.5,2.64
2/19/20 19:12,21,14.5,2.64
2/19/20 19:12,21,14.5,2.64
2/19/20 19:27,21,14.5,2.64
2/19/20 19:27,21,14.5,2.64
2/19/20 19:27,21,14.5,2.64
2/19/20 19:27,21,14.5,2.64
2/19/20 19:27,21,14.5,2.64
2/19/20 19:27,21,14.5,2.64
2/19/20 19:27,21,14.5,2.64
2/19/20 19:27,21,14.5,2.64
2/19/20 19:43,21,14.5,2.64
2/19/20 19:43,21,14.5,2.64
2/19/20 19:43,21,14.5,2.64
2/19/20 19:43,21,14.5,2.64
2/19/20 19:43,21,14.5,2.64
2/19/20 19:43,21,14.5,2.64
2/19/20 19:43,21,14.5,2.64
2/19/20 19:43,21,14.5,2.64
2/19/20 19:58,21,14.5,2.64
2/19/20 19:58,21,14.5,2.64
2/19/20 19:58,21,14.5,2.64
2/19/20 19:58,21,14.5,2.64
2/19/20 19:58,21,14.5,2.64
2/19/20 19:58,21,14.5,2.64
2/19/20 19:58,21,14.5,2.64
2/19/20 19:58,21,14.5,2.64
2/19/20 20:13,21,14.5,2.64
2/19/20 20:13,21,14.5,2.64
2/19/20 20:13,21,14.5,2.64
2/19/20 20:13,21,14.5,2.64
2/19/20 20:13,21,14.5,2.64
2/19/20 20:13,21,14.5,2.64
2/19/20 20:13,21,14.5,2.64
2/19/20 20:13,21,14.5,2.64
2/19/20 20:29,21,14.5,2.64
2/19/20 20:29,21,14.5,2.64
2/19/20 20:29,21,14.5,2.64
2/19/20 20:29,21,14.5,2.64
2/19/20 20:29,21,14.5,2.64
2/19/20 20:29,21,14.5,2.64
2/19/20 20:29,21,14.5,2.64
2/19/20 20:29,21,14.5,2.64
2/19/20 20:29,21,14.5,2.64
2/19/20 20:29,21,14.5,2.64
2/19/20 20:29,21,14.5,2.64
2/19/20 20:44,21,14.5,2.64
2/19/20 20:44,21,14.5,2.64
2/19/20 20:44,21,14.5,2.64
2/19/20 20:44,21,14.5,2.64
2/19/20 20:44,21,14.5,2.64
2/19/20 20:44,21,14.5,2.64
2/19/20 20:44,21,14.5,2.64
2/19/20 21:00,21,14.5,2.64
2/19/20 21:00,21,14.5,2.64
2/19/20 21:00,21,14.5,2.64
2/19/20 21:00,21,14.5,2.64
2/19/20 21:00,21,14.5,2.64
2/19/20 21:00,21,14.5,2.64
2/19/20 21:00,21,14.5,2.64
2/19/20 21:00,21,14.5,2.64
2/19/20 21:00,21,14.5,2.64
2/19/20 21:00,21,14.5,2.64
2/19/20 21:00,21,14.5,2.64
2/19/20 21:15,21,14.5,2.64
2/19/20 21:15,21,14.5,2.64
2/19/20 21:15,21,14.5,2.64
2/19/20 21:15,21,14.5,2.64
2/19/20 21:15,21,14.5,2.64
2/19/20 21:15,21,14.5,2.64
2/19/20 21:15,21,14.5,2.64
2/19/20 21:15,21,14.5,2.64
2/19/20 21:15,21,14.5,2.64
2/19/20 21:30,21,14.5,2.64
2/19/20 21:30,21,14.5,2.64
2/19/20 21:30,21,14.5,2.64
2/19/20 21:30,21,14.5,2.64
2/19/20 21:30,21,14.5,2.64
2/19/20 21:30,21,14.5,2.64
2/19/20 21:30,21,14.5,2.64
2/19/20 21:30,21,14.5,2.64
2/19/20 21:30,21,14.5,2.64
2/19/20 21:30,21,14.5,2.64
2/19/20 21:43,20,14.5,2.64
2/19/20 21:43,20,14.5,2.64
2/19/20 21:43,20,14.5,2.64
2/19/20 21:43,20,14.5,2.64
2/19/20 21:43,20,14.5,2.64
2/19/20 21:43,20,14.5,2.64
2/19/20 21:43,20,14.5,2.64
2/19/20 21:43,20,14.5,2.64
2/19/20 21:43,20,14.5,2.64
2/19/20 21:43,20,14.5,2.64
2/19/20 21:43,20,14.5,2.64
2/19/20 21:46,21,14.5,2.64
2/19/20 21:46,21,14.5,2.64
2/19/20 21:46,21,14.5,2.64
2/19/20 21:46,21,14.5,2.64
2/19/20 21:46,21,14.5,2.64
2/19/20 21:46,21,14.5,2.64
2/19/20 21:46,21,14.5,2.64
2/19/20 21:46,21,14.5,2.64
2/19/20 22:01,20,14.5,2.64
2/19/20 22:01,20,14.5,2.64
2/19/20 22:01,20,14.5,2.64
2/19/20 22:01,20,14.5,2.64
2/19/20 22:01,20,14.5,2.64
2/19/20 22:01,20,14.5,2.64
2/19/20 22:01,20,14.5,2.64
2/19/20 22:01,20,14.5,2.64
2/19/20 22:01,20,14.5,2.64
2/19/20 22:01,20,14.5,2.64
2/19/20 22:17,21,14.5,2.64
2/19/20 22:17,21,14.5,2.64
2/19/20 22:17,21,14.5,2.64
2/19/20 22:17,21,14.5,2.64
2/19/20 22:17,21,14.5,2.64
2/19/20 22:17,21,14.5,2.64
2/19/20 22:17,21,14.5,2.64
2/19/20 22:17,21,14.5,2.64
2/19/20 22:17,21,14.5,2.64
2/19/20 22:17,21,14.5,2.64
2/19/20 22:32,21,14.5,2.64
2/19/20 22:32,21,14.5,2.64
2/19/20 22:32,21,14.5,2.64
2/19/20 22:32,21,14.5,2.64
2/19/20 22:32,21,14.5,2.64
2/19/20 22:32,21,14.5,2.64
2/19/20 22:32,21,14.5,2.64
2/19/20 22:32,21,14.5,2.64
2/19/20 22:32,21,14.5,2.64
2/19/20 22:47,21,14.5,2.64
2/19/20 22:47,21,14.5,2.64
2/19/20 22:47,21,14.5,2.64
2/19/20 22:47,21,14.5,2.64
2/19/20 22:47,21,14.5,2.64
2/19/20 22:47,21,14.5,2.64
2/19/20 22:47,21,14.5,2.64
2/19/20 22:47,21,14.5,2.64
2/19/20 22:47,21,14.5,2.64
2/19/20 22:47,21,14.5,2.64
2/19/20 22:47,21,14.5,2.64
2/19/20 22:47,21,14.5,2.64
2/19/20 22:47,21,14.5,2.64
2/19/20 23:03,21,14.5,2.64
2/19/20 23:03,21,14.5,2.64
2/19/20 23:03,21,14.5,2.64
2/19/20 23:03,21,14.5,2.64
2/19/20 23:03,21,14.5,2.64
2/19/20 23:03,21,14.5,2.64
2/19/20 23:03,21,14.5,2.64
2/19/20 23:03,21,14.5,2.64
2/19/20 23:03,21,14.5,2.64
2/19/20 23:03,21,14.5,2.64
2/19/20 23:18,21,14.5,2.64
2/19/20 23:18,21,14.5,2.64
2/19/20 23:18,21,14.5,2.64
2/19/20 23:18,21,14.5,2.64
2/19/20 23:18,21,14.5,2.64
2/19/20 23:18,21,14.5,2.64
2/19/20 23:18,21,14.5,2.64
2/19/20 23:18,21,14.5,2.64
2/19/20 23:18,21,14.5,2.64
2/19/20 23:34,21,14.5,2.64
2/19/20 23:34,21,14.5,2.64
2/19/20 23:34,21,14.5,2.64
2/19/20 23:34,21,14.5,2.64
2/19/20 23:34,21,14.5,2.64
2/19/20 23:34,21,14.5,2.64
2/19/20 23:34,21,14.5,2.64
2/19/20 23:34,21,14.5,2.64
2/19/20 23:49,20,14.5,2.64
2/19/20 23:49,20,14.5,2.64
2/19/20 23:49,20,14.5,2.64
2/19/20 23:49,20,14.5,2.64
2/19/20 23:49,20,14.5,2.64
2/19/20 23:49,20,14.5,2.64
2/20/20 0:04,21,14.5,2.64
2/20/20 0:04,21,14.5,2.64
2/20/20 0:04,21,14.5,2.64
2/20/20 0:04,21,14.5,2.64
2/20/20 0:04,21,14.5,2.64
2/20/20 0:04,21,14.5,2.64
2/20/20 0:20,21,14.5,2.64
2/20/20 0:20,21,14.5,2.64
2/20/20 0:20,21,14.5,2.64
2/20/20 0:20,21,14.5,2.64
2/20/20 0:20,21,14.5,2.64
2/20/20 0:20,21,14.5,2.64
2/20/20 0:20,21,14.5,2.64
2/20/20 0:20,21,14.5,2.64
2/20/20 0:20,21,14.5,2.64
2/20/20 0:20,21,14.5,2.64
2/20/20 0:35,21,14.5,2.64
2/20/20 0:35,21,14.5,2.64
2/20/20 0:35,21,14.5,2.64
2/20/20 0:35,21,14.5,2.64
2/20/20 0:35,21,14.5,2.64
2/20/20 0:35,21,14.5,2.64
2/20/20 0:35,21,14.5,2.64
2/20/20 0:35,21,14.5,2.64
2/20/20 0:35,21,14.5,2.64
2/20/20 0:35,21,14.5,2.64
2/20/20 0:43,22,14.5,2.64
2/20/20 0:43,22,14.5,2.64
2/20/20 0:43,22,14.5,2.64
2/20/20 0:43,22,14.5,2.64
2/20/20 0:43,22,14.5,2.64
2/20/20 0:43,22,14.5,2.64
2/20/20 0:43,22,14.5,2.64
2/20/20 0:43,22,14.5,2.64
2/20/20 0:43,22,14.5,2.64
2/20/20 0:43,22,14.5,2.64
2/20/20 0:50,21,14.5,2.64
2/20/20 0:50,21,14.5,2.64
2/20/20 0:51,21,14.5,2.64
2/20/20 0:51,21,14.5,2.64
2/20/20 0:51,21,14.5,2.64
2/20/20 0:51,21,14.5,2.64
2/20/20 0:51,21,14.5,2.64
2/20/20 1:06,22,14.5,2.64
2/20/20 1:06,22,14.5,2.64
2/20/20 1:06,22,14.5,2.64
2/20/20 1:06,22,14.5,2.64
2/20/20 1:06,22,14.5,2.64
2/20/20 1:06,22,14.5,2.64
2/20/20 1:06,22,14.5,2.64
2/20/20 1:06,22,14.5,2.64
2/20/20 1:06,22,14.5,2.64
2/20/20 1:06,22,14.5,2.64
2/20/20 1:21,22,14.5,2.65
2/20/20 1:21,22,14.5,2.65
2/20/20 1:21,22,14.5,2.65
2/20/20 1:21,22,14.5,2.65
2/20/20 1:21,22,14.5,2.65
2/20/20 1:21,22,14.5,2.65
2/20/20 1:21,22,14.5,2.65
2/20/20 1:21,22,14.5,2.65
2/20/20 1:21,22,14.5,2.65
2/20/20 1:21,22,14.5,2.65
2/20/20 1:21,22,14.5,2.65
2/20/20 1:37,22,14.5,2.65
2/20/20 1:37,22,14.5,2.65
2/20/20 1:37,22,14.5,2.65
2/20/20 1:37,22,14.5,2.65
2/20/20 1:37,22,14.5,2.65
2/20/20 1:37,22,14.5,2.65
2/20/20 1:37,22,14.5,2.65
2/20/20 1:37,22,14.5,2.65
2/20/20 1:37,22,14.5,2.65
2/20/20 1:37,22,14.5,2.65
2/20/20 1:37,22,14.5,2.65
2/20/20 1:52,22,14.5,2.65
2/20/20 1:52,22,14.5,2.65
2/20/20 1:52,22,14.5,2.65
2/20/20 1:52,22,14.5,2.65
2/20/20 1:52,22,14.5,2.65
2/20/20 1:52,22,14.5,2.65
2/20/20 1:52,22,14.5,2.65
2/20/20 1:52,22,14.5,2.65
2/20/20 2:07,22,14.5,2.65
2/20/20 2:07,22,14.5,2.65
2/20/20 2:07,22,14.5,2.65
2/20/20 2:07,22,14.5,2.65
2/20/20 2:07,22,14.5,2.65
2/20/20 2:23,23,14.5,2.65
2/20/20 2:23,23,14.5,2.65
2/20/20 2:23,23,14.5,2.65
2/20/20 2:23,23,14.5,2.65
2/20/20 2:23,23,14.5,2.65
2/20/20 2:23,23,14.5,2.65
2/20/20 2:23,23,14.5,2.65
2/20/20 2:23,23,14.5,2.65
2/20/20 2:23,23,14.5,2.65
2/20/20 2:38,22,14.5,2.65
2/20/20 2:38,22,14.5,2.65
2/20/20 2:38,22,14.5,2.65
2/20/20 2:38,22,14.5,2.65
2/20/20 2:38,22,14.5,2.65
2/20/20 2:38,22,14.5,2.65
2/20/20 2:38,22,14.5,2.65
2/20/20 2:38,22,14.5,2.65
2/20/20 2:38,22,14.5,2.65
2/20/20 2:38,22,14.5,2.65
2/20/20 2:54,23,14.5,2.65
2/20/20 2:54,23,14.5,2.65
2/20/20 2:54,23,14.5,2.65
2/20/20 2:54,23,14.5,2.65
2/20/20 2:54,23,14.5,2.65
2/20/20 2:54,23,14.5,2.65
2/20/20 2:54,23,14.5,2.65
2/20/20 2:54,23,14.5,2.65
2/20/20 3:09,23,14.5,2.66
2/20/20 3:09,23,14.5,2.66
2/20/20 3:09,23,14.5,2.66
2/20/20 3:09,23,14.5,2.66
2/20/20 3:09,23,14.5,2.66
2/20/20 3:09,23,14.5,2.66
2/20/20 3:09,23,14.5,2.66
2/20/20 3:09,23,14.5,2.66
2/20/20 3:09,23,14.5,2.66
2/20/20 3:24,23,14.5,2.66
2/20/20 3:24,23,14.5,2.66
2/20/20 3:24,23,14.5,2.66
2/20/20 3:24,23,14.5,2.66
2/20/20 3:24,23,14.5,2.66
2/20/20 3:24,23,14.5,2.66
2/20/20 3:24,23,14.5,2.66
2/20/20 3:24,23,14.5,2.66
2/20/20 3:40,23,14.5,2.66
2/20/20 3:40,23,14.5,2.66
2/20/20 3:40,23,14.5,2.66
2/20/20 3:40,23,14.5,2.66
2/20/20 3:40,23,14.5,2.66
2/20/20 3:40,23,14.5,2.66
2/20/20 3:40,23,14.5,2.66
2/20/20 3:40,23,14.5,2.66
2/20/20 3:40,23,14.5,2.66
2/20/20 3:55,23,14.5,2.66
2/20/20 3:55,23,14.5,2.66
2/20/20 3:55,23,14.5,2.66
2/20/20 3:55,23,14.5,2.66
2/20/20 3:55,23,14.5,2.66
2/20/20 3:55,23,14.5,2.66
2/20/20 3:55,23,14.5,2.66
2/20/20 3:55,23,14.5,2.66
2/20/20 4:10,23,14.5,2.66
2/20/20 4:10,23,14.5,2.66
2/20/20 4:10,23,14.5,2.66
2/20/20 4:10,23,14.5,2.66
2/20/20 4:10,23,14.5,2.66
2/20/20 4:10,23,14.5,2.66
,,,
,,,
,,,
,,,
,,,
,,,
,,,
,,,
,,,
,,,
,,,
,,,
,,,
,,,
,,,
,,,
,,,
,,,
,,,
,,,
,,,
,,,
,,,
,,,
,,,
,,,
,,,
,,,
,,,
,,,
,,,
,,,
,,,
,,,
,,,
,,,
,,,
,,,
,,,
,,,
,,,
,,,